,authentication,backupRadio,channelWidth,countryCode,frequency,key,mac,security,ssid,airmax.mode,airmax.wds,device.authorized,device.category,device.displayName,device.firmwareVersion,device.id,device.ipAddress,device.mac,device.model,device.name,device.platformId,device.platformName,device.serialNumber,device.site.id,device.site.name,device.site.parent.id,device.site.parent.parent,device.site.status,device.site.type,device.type,device.updated,location.altitude,location.elevation,location.heading,location.latitude,location.longitude,location.magneticHeading,location.roll,location.tilt,airfiber.frameLength,airfiber.mode,device.antenna,device.antenna_gain
0,psk,,20,840.0,5485,p0w3rt03h3p80pl3,FC:EC:DA:6C:05:BF,wpa2,LCWNetNMO5Northeast,ap-ptmp-airmax-ac,False,True,wireless,NewMoonOverlook5Northeast,8.6.2,303c5a0a-1ef1-4577-aca0-48b056bec75e,172.16.8.57/24,fc:ec:da:6c:05:bf,RP-5AC-Gen2,NewMoonOverlook5Northeast,XC,XC,,09cd8c36-b7e3-49c5-8173-62ac3c645370,NewMoonOverlook,00e72a96-9bcd-402b-9301-0ad7e43d3fd3,,active,site,airMax,2022-08-05T23:42:07.339Z,5.0,2025.0,,35.491217,-105.92699,,,,,,AM-5G20-90,20
1,psk,,20,840.0,5630,p0w3rt03h3p80pl3,FC:EC:DA:6C:05:03,wpa2,LCWNetNMO5West,ap-ptmp-airmax-ac,False,True,wireless,NewMoonOverlook5West,8.6.2,6f9b8252-b7e7-4c4a-98a7-6df5de310afe,172.16.8.56/24,fc:ec:da:6c:05:03,RP-5AC-Gen2,NewMoonOverlook5West,XC,XC,,09cd8c36-b7e3-49c5-8173-62ac3c645370,NewMoonOverlook,00e72a96-9bcd-402b-9301-0ad7e43d3fd3,,active,site,airMax,2022-08-05T23:42:07.339Z,5.0,2025.0,,35.491177,-105.927038,,,,,,AM-5G20-90,20
2,psk,,20,840.0,5700,p0w3rt03h3p80pl3,24:5A:4C:DE:B1:2D,wpa2,LCWNetCerrillos5,ap-ptp,False,True,wireless,Cerrillos5,8.7.8,d9fc2530-3d15-4e68-98e3-cae4ec6a20be,172.16.18.73/24,24:5a:4c:de:b1:2d,Loco5AC,Cerrillos5,WA,WA,,0a2526b2-f974-4009-b866-596aa5281a86,Cerrillos5,c540c3fe-a9c2-4890-9374-69b9406e9723,,active,site,airMax,2022-08-05T23:42:07.339Z,7.0,,,35.43829,-106.13128,,,,,,NANO-G2,13
3,psk,,10,840.0,5680,p0w3rt03h3p80pl3,44:D9:E7:D6:40:23,wpa2,LCWNetOwlCreek,ap-ptp,False,True,wireless,OwlCreekPTP,8.6.2,c49d87fa-8993-4c70-b056-92010b54bb06,172.16.10.88/24,44:d9:e7:d6:40:23,NBE-5AC-16,OwlCreekPTP,WA,WA,,127f37a2-ad3d-469e-b22c-21d9d4911182,OwlCreek,0bf68aed-69a4-45fb-8e6f-acd5f8b8e931,,active,site,airMax,2022-08-05T23:42:07.339Z,7.0,2338.0,,35.63535,-105.892037,,,,,,16,16
4,psk,,20,840.0,5485,p0w3rt03h3p80pl3,80:2A:A8:24:D5:86,wpa2,LCWNetVailNorth5,ap-ptmp-airmax-ac,False,True,wireless,VailNorth5,8.6.2,a4490a4b-0b7b-4b21-9ce9-655ada7aa79e,172.16.10.58/24,80:2a:a8:24:d5:86,R5AC-PRISM,VailNorth5,XC,XC,,00e72a96-9bcd-402b-9301-0ad7e43d3fd3,Vail,f46a177f-9c23-41d7-9dd3-ba3f14791d3b,,active,site,airMax,2022-08-05T23:42:07.340Z,3.0,2288.0,,35.584422,-105.913483,,,,,,AM-5AC21-60,21
5,psk,,30,840.0,5170,p0w3rt03h3p80pl3,78:8A:20:1C:71:26,wpa2,LCWNetVailSantaFe,ap-ptmp-airmax-ac,False,True,wireless,VailSantaFe,8.6.2,de40715b-0346-4069-9934-acdac649ff3a,172.16.10.28/24,78:8a:20:1c:71:26,RP-5AC-Gen2,VailSantaFe,XC,XC,,00e72a96-9bcd-402b-9301-0ad7e43d3fd3,Vail,f46a177f-9c23-41d7-9dd3-ba3f14791d3b,,active,site,airMax,2022-08-05T23:42:07.340Z,3.0,2288.0,,35.58456,-105.914235,,,,,,AP-5AC-90-HD,22
6,psk,,20,840.0,5660,p0w3rt03h3p80pl3,80:2A:A8:A4:A3:92,wpa2,LCWNetVailNorthwest5,ap-ptmp-airmax-ac,False,True,wireless,VailNorthwest5,8.6.2,001fe2d3-d296-4db2-b7b3-0b3e83117fba,172.16.10.72/24,80:2a:a8:a4:a3:92,R5AC-PRISM,VailNorthwest5,XC,XC,,00e72a96-9bcd-402b-9301-0ad7e43d3fd3,Vail,f46a177f-9c23-41d7-9dd3-ba3f14791d3b,,active,site,airMax,2022-08-05T23:42:07.340Z,3.0,2288.0,,35.584525,-105.91422,,,,,,AM-5AC21-60,21
7,psk,,20,840.0,5630,p0w3rt03h3p80pl3,78:8A:20:14:3F:3A,wpa2,LCWNetVailWest5,ap-ptmp-airmax-ac,False,True,wireless,VailWest5,8.6.2,326861ec-238f-41b7-a828-8b356b954c63,172.16.10.3/24,78:8a:20:14:3f:3a,RP-5AC-Gen2,VailWest5,XC,XC,,00e72a96-9bcd-402b-9301-0ad7e43d3fd3,Vail,f46a177f-9c23-41d7-9dd3-ba3f14791d3b,,active,site,airMax,2022-08-05T23:42:07.340Z,3.0,2288.0,,35.584572,-105.914235,,,,,,AM-5AC22-45,22
8,psk,,30,840.0,5740,0000:0000:0000:0000,18:E8:29:1E:6A:95,wpa2,LCWNetVailLamyOv,,,True,wireless,VailLamyOverlook,1.4.1,8c087e99-d2b7-4747-be9f-00ae3875a8d3,172.16.8.5/24,18:e8:29:1e:6a:95,AF-5XHD,VailLamyOverlook,af5xhd,af5xhd,,00e72a96-9bcd-402b-9301-0ad7e43d3fd3,Vail,f46a177f-9c23-41d7-9dd3-ba3f14791d3b,,active,site,airFiber,2022-08-05T23:42:07.340Z,3.0,2288.0,,35.584549,-105.913955,,,,5.0,ap-ptp,problem,0
9,psk,,20,840.0,5710,p0w3rt03h3p80pl3,24:5A:4C:06:2F:FC,wpa2,LCWNetVailSouth5,ap-ptmp-airmax-mixed,False,True,wireless,VailSouth5,8.7.1,ad1fd1a5-85a8-4be2-86f3-6adb34272acd,172.16.10.57/24,24:5a:4c:06:2f:fc,RP-5AC-Gen2,VailSouth5,XC,XC,,00e72a96-9bcd-402b-9301-0ad7e43d3fd3,Vail,f46a177f-9c23-41d7-9dd3-ba3f14791d3b,,active,site,airMax,2022-08-05T23:42:07.340Z,3.0,2288.0,,35.584443,-105.914055,,,,,,AM-5AC21-60,21
10,psk,,30,840.0,5335,0000:0000:0000:0000,18:E8:29:1F:08:29,wpa2,LCWNetVailOrtiz,,,True,wireless,VailOrtiz,2.0.6-beta.3,741ed7c9-61c0-4f5c-ad97-88aa0f671756,172.16.8.2/24,18:e8:29:1f:08:29,LTU-Rocket,VailOrtiz,aflturocket,lturocket,,00e72a96-9bcd-402b-9301-0ad7e43d3fd3,Vail,f46a177f-9c23-41d7-9dd3-ba3f14791d3b,,active,site,airFiber,2022-08-05T23:42:07.340Z,3.0,2288.0,,35.584519,-105.913986,,,,2.0,ap-ptmp,problem,0
11,psk,,30,840.0,5810,0000:0000:0000:0000,FC:EC:DA:77:B9:13,wpa2,LCWNetVSdCNw,,,True,wireless,VailSangredeCristoNorthwest,2.0.6-beta.3,8000cb95-5c5d-4cdf-bf94-b6cf2e51b165,172.16.10.11/24,fc:ec:da:77:b9:13,LTU-Rocket,VailSangredeCristoNorthwest,aflturocket,lturocket,,00e72a96-9bcd-402b-9301-0ad7e43d3fd3,Vail,f46a177f-9c23-41d7-9dd3-ba3f14791d3b,,active,site,airFiber,2022-08-05T23:42:07.340Z,3.0,2288.0,,35.584467,-105.913401,,,,2.0,ap-ptmp,problem,0
12,psk,,20,840.0,5670,p0w3rt03h3p80pl3,80:2A:A8:24:D8:D4,wpa2,LCWNetVailEast5,ap-ptmp-airmax-ac,False,True,wireless,VailEast5,8.6.2,81abc461-a561-467a-a22c-db129d08b87b,172.16.10.52/24,80:2a:a8:24:d8:d4,R5AC-PRISM,VailEast5,XC,XC,,00e72a96-9bcd-402b-9301-0ad7e43d3fd3,Vail,f46a177f-9c23-41d7-9dd3-ba3f14791d3b,,active,site,airMax,2022-08-05T23:42:07.340Z,3.0,2288.0,,35.584317,-105.9134,,,,,,AM-5AC22-45,22
13,psk,,30,840.0,5335,0000:0000:0000:0000,18:E8:29:1F:09:2F,wpa2,LCWNetVailSdC,,,True,wireless,VailSangredeCristo,2.0.7-beta,88f13889-adbe-44a0-9831-71edd02b4ae3,172.16.10.2/24,18:e8:29:1f:09:2f,LTU-Rocket,VailSangredeCristo,aflturocket,lturocket,,00e72a96-9bcd-402b-9301-0ad7e43d3fd3,Vail,f46a177f-9c23-41d7-9dd3-ba3f14791d3b,,active,site,airFiber,2022-08-05T23:42:07.340Z,3.0,2288.0,,35.584487,-105.913408,,,,2.0,ap-ptmp,problem,0
14,psk,,20,840.0,5655,p0w3rt03h3p80pl3,74:AC:B9:70:E6:47,wpa2,LCWNetLinen5,ap-ptp,False,True,wireless,Linen5,8.7.1,9d65c1e6-028b-47fd-8317-fde6370f939a,172.16.18.67/24,74:ac:b9:70:e6:47,LBE-5AC-Gen2,Linen5,WA,WA,,18c5805a-3010-47d4-a89b-0532212d8fcc,Linen,1ea05394-f417-4b4b-9a84-5dceba722795,,active,site,airMax,2022-08-05T23:42:07.340Z,2.0,1847.0,,35.375728,-106.016702,,,,,,23,23
16,psk,,10,840.0,5485,p0w3rt03h3p80pl3,24:5A:4C:E4:C3:1C,wpa2,LCWNetSendaTorcida5,ap-ptmp-airmax-mixed,False,True,wireless,SendaTorcida5,8.7.5,21909913-c782-4cfd-9b77-43c89c3d3b66,172.16.10.85/24,24:5a:4c:e4:c3:1c,Loco5AC,SendaTorcida5,WA,WA,,1d5110e6-0137-4b0d-86f3-6cb5226bb1ff,SendaTorcida5,627c27e4-34ee-401a-bd68-d4634ec8af16,,active,site,airMax,2022-08-05T23:42:07.340Z,10.0,,,35.61423,-105.96999,,,,,,NANO-G2,13
17,psk,,20,840.0,5740,p0w3rt03h3p80pl3,B4:FB:E4:5A:02:5A,wpa2,LCWNetLosHornos5,ap-ptmp-airmax-ac,False,True,wireless,LosHornos5,8.6.2,c8ad4391-b3a6-42b2-9e66-68fe0fc88923,172.16.8.58/24,b4:fb:e4:5a:02:5a,RP-5AC-Gen2,LosHornos5,XC,XC,,108e9ec0-4eba-4f98-97fc-72cde52cc51f,MillerBarn,868d6b29-26db-433f-9894-06f2b80eb011,,active,site,airMax,2022-08-05T23:42:07.340Z,7.0,1990.0,,35.48055,-105.875662,,,,,,AM-5AC21-60,21
18,psk,,20,840.0,5835,p0w3rt03h3p80pl3,B4:FB:E4:5A:00:6A,wpa2,LCWNetLamyVillage5,ap-ptmp-airmax-ac,False,True,wireless,LamyVillage5,8.6.2,f46e977c-eaa0-4ad4-a492-25e213f2677f,172.16.8.59/24,b4:fb:e4:5a:00:6a,RP-5AC-Gen2,LamyVillage5,XC,XC,,108e9ec0-4eba-4f98-97fc-72cde52cc51f,MillerBarn,868d6b29-26db-433f-9894-06f2b80eb011,,active,site,airMax,2022-08-05T23:42:07.341Z,7.0,1990.0,,35.480597,-105.875677,,,,,,AM-5G20-90,20
19,psk,,20,840.0,5165,p0w3rt03h3p80pl3,44:D9:E7:CA:51:96,wpa2,LCWNetMillerBarn,ap-ptp,False,True,wireless,MillerBarn5,8.6.2,d57a3cf4-951e-4619-a80d-2e3d5b152eac,172.16.8.60/24,44:d9:e7:ca:51:96,NBE-5AC-19,MillerBarn5,XC,XC,,108e9ec0-4eba-4f98-97fc-72cde52cc51f,MillerBarn,868d6b29-26db-433f-9894-06f2b80eb011,,active,site,airMax,2022-08-05T23:42:07.341Z,7.0,1990.0,,35.480539,-105.875426,,,,,,NBE-M5AC-19,19
20,psk,,20,840.0,5535,p0w3rt03h3p80pl3,E0:63:DA:D8:52:F8,wpa2,LCWNetCerroChato5South,ap-ptmp-airmax-mixed,False,True,wireless,CerroChato5South,8.7.4,24253c02-f328-400a-b21e-c3b1c5b01a12,172.16.16.69/24,e0:63:da:d8:52:f8,RP-5AC-Gen2,CerroChato5South,XC,XC,,16f916d7-a8d8-4139-a18a-12ddb8f7c2bc,CerroChato,4521ece7-ebb9-44f1-85d3-7bd1d2a1fd3a,,active,site,airMax,2022-08-05T23:42:07.341Z,6.0,1863.0,,35.41852,-106.193643,,,,,,AM-5G19-120,19
21,psk,,20,840.0,5565,p0w3rt03h3p80pl3,80:2A:A8:64:6C:61,wpa2,LCWNetCerroChato5North,ap-ptmp-airmax-ac,False,True,wireless,CerroChato5North,8.6.2,246b2361-cbe5-4a85-8145-80ff90d87395,172.16.16.70/24,80:2a:a8:64:6c:61,R5AC-PRISM,CerroChato5North,XC,XC,,16f916d7-a8d8-4139-a18a-12ddb8f7c2bc,CerroChato,4521ece7-ebb9-44f1-85d3-7bd1d2a1fd3a,,active,site,airMax,2022-08-05T23:42:07.341Z,6.0,1863.0,,35.418523,-106.193643,,,,,,AM-5G19-120,19
22,psk,,20,840.0,5700,p0w3rt03h3p80pl3,44:D9:E7:A6:C6:C1,wpa2,LCWNetCerroChatoMorningSun,ap-ptp,False,True,wireless,CerroChatoMorningSun,8.6.2,5b737b37-5f79-497e-b4ce-2ac7ee64ff70,172.16.16.7/24,44:d9:e7:a6:c6:c1,PBE-5AC-620,CerroChatoMorningSun,XC,XC,,16f916d7-a8d8-4139-a18a-12ddb8f7c2bc,CerroChato,4521ece7-ebb9-44f1-85d3-7bd1d2a1fd3a,,active,site,airMax,2022-08-05T23:42:07.341Z,6.0,1863.0,,35.418507,-106.19353,,,,,,PBE-5AC-620,29
23,psk,,20,840.0,5585,p0w3rt03h3p80pl3,F0:9F:C2:8A:BD:8D,wpa2,LCWNetCerroChato5East,ap-ptmp-airmax-ac,False,True,wireless,CerroChato5East,8.6.2,cea8b742-7f24-4488-9ea1-27b007840a0b,172.16.16.66/24,f0:9f:c2:8a:bd:8d,RP-5AC-Gen2,CerroChato5East,XC,XC,,16f916d7-a8d8-4139-a18a-12ddb8f7c2bc,CerroChato,4521ece7-ebb9-44f1-85d3-7bd1d2a1fd3a,,active,site,airMax,2022-08-05T23:42:07.341Z,6.0,1863.0,,35.418478,-106.193635,,,,,,AM-5G19-120,19
24,psk,,30,840.0,5175,0000:0000:0000:0000,18:E8:29:1F:41:1C,wpa2,LCWNetCCVdL,,,True,wireless,CerroChatoViadeLoma,1.4.1,b9b331d4-0d9f-4886-8f4a-513577716e0f,172.16.16.8/24,18:e8:29:1f:41:1c,AF-5XHD,CerroChatoViadeLoma,af5xhd,af5xhd,,16f916d7-a8d8-4139-a18a-12ddb8f7c2bc,CerroChato,4521ece7-ebb9-44f1-85d3-7bd1d2a1fd3a,,active,site,airFiber,2022-08-05T23:42:07.341Z,6.0,1863.0,,35.418563,-106.19361,,,,5.0,ap-ptp,problem,0
25,psk,,20,840.0,5740,p0w3rt03h3p80pl3,80:2A:A8:64:6B:E9,wpa2,LCWNetSanLazaro5Northwest,ap-ptmp-airmax-ac,False,True,wireless,SanLazaro5Northwest,8.6.2,424db32b-e60c-4ba8-8dc1-e7f5e6fb0386,172.16.18.65/24,80:2a:a8:64:6b:e9,R5AC-PRISM,SanLazaro5Northwest,XC,XC,,1ea05394-f417-4b4b-9a84-5dceba722795,SanLazaro,79bb919d-b4b1-460b-9ed1-1d8f8aee025b,,active,site,airMax,2022-08-05T23:42:07.341Z,7.0,1807.0,,35.385218,-106.032548,,,,,,AM-M-V5G-Ti,17
26,psk,,20,840.0,5265,p0w3rt03h3p80pl3,80:2A:A8:64:BC:B1,wpa2,LCWNetSanLazaro5East,ap-ptmp-airmax-ac,False,True,wireless,SanLazaro5East,8.6.2,648cf1e3-e7e0-45c2-8672-addbdb970981,172.16.18.66/24,80:2a:a8:64:bc:b1,R5AC-PRISM,SanLazaro5East,XC,XC,,1ea05394-f417-4b4b-9a84-5dceba722795,SanLazaro,79bb919d-b4b1-460b-9ed1-1d8f8aee025b,,active,site,airMax,2022-08-05T23:42:07.341Z,7.0,1807.0,,35.385355,-106.032435,,,,,,AM-V5G-Ti,21
27,psk,,20,840.0,5705,p0w3rt03h3p80pl3,78:8A:20:14:10:EA,wpa2,LCWNetTortugaSW5,ap-ptmp-airmax-ac,False,True,wireless,TortugaSW5,8.6.2,16db0a30-9b42-4feb-bdf4-ee52f5b35bfd,172.16.10.77/24,78:8a:20:14:10:ea,RP-5AC-Gen2,TortugaSW5,XC,XC,,0bf68aed-69a4-45fb-8e6f-acd5f8b8e931,Tortuga,00e72a96-9bcd-402b-9301-0ad7e43d3fd3,,active,site,airMax,2022-08-05T23:42:07.341Z,7.0,2368.0,,35.637018,-105.883603,,,,,,AM-5G19-120,19
28,psk,,20,840.0,5265,p0w3rt03h3p80pl3,80:2A:A8:A4:25:2F,wpa2,LCWNetTortugaSE5,ap-ptmp-airmax-ac,False,True,wireless,TortugaSE5,8.6.2,ecc47f01-225d-4f15-af58-8505289f1ba0,172.16.10.76/24,80:2a:a8:a4:25:2f,R5AC-PRISM,TortugaSE5,XC,XC,,0bf68aed-69a4-45fb-8e6f-acd5f8b8e931,Tortuga,00e72a96-9bcd-402b-9301-0ad7e43d3fd3,,active,site,airMax,2022-08-05T23:42:07.341Z,7.0,2368.0,,35.63706,-105.88352,,,,,,AM-5G19-120,19
29,none,,5,840.0,2429,,24:A4:3C:FC:C0:98,none,LCWNetAsher2,ap,False,True,wireless,Asher2,6.2.0,bf7203a0-6dcd-47cf-a7c1-1742180e7733,172.16.16.80/24,24:a4:3c:fc:c0:98,LM2,Asher2,XM,XM,,c2348478-e4d3-40c1-b6d7-e889e5ea5980,MorningSun,16f916d7-a8d8-4139-a18a-12ddb8f7c2bc,,active,site,airMax,2022-08-05T23:42:07.341Z,6.0,1795.0,,35.44123,-106.21939,,,,,,Built in,8
30,psk,,20,840.0,5525,p0w3rt03h3p80pl3,80:2A:A8:A4:61:F6,wpa2,LCWNetMorningSun5,ap-ptmp-airmax-ac,False,True,wireless,MorningSun5,8.6.2,0e7f2801-8b2b-45ab-9c2d-6e7d37f1830f,172.16.16.74/24,80:2a:a8:a4:61:f6,R5AC-Lite,MorningSun5,XC,XC,,c2348478-e4d3-40c1-b6d7-e889e5ea5980,MorningSun,16f916d7-a8d8-4139-a18a-12ddb8f7c2bc,,active,site,airMax,2022-08-05T23:42:07.341Z,6.0,1795.0,,35.44103,-106.2195,,,,,,AM-5G20-90,20
31,psk,,20,840.0,5580,p0w3rt03h3p80pl3,F0:9F:C2:8A:BE:0C,wpa2,LCWNetMain5Southwest,ap-ptmp-airmax-ac,False,True,wireless,Main5Southwest,8.6.2,fa24a192-703a-4cb6-acfd-bdbfe7b0b86c,172.16.18.61/24,f0:9f:c2:8a:be:0c,RP-5AC-Gen2,Main5Southwest,XC,XC,,c540c3fe-a9c2-4890-9374-69b9406e9723,Main,5c5ce6e5-c606-4ddb-a266-45d679a9db50,,active,site,airMax,2022-08-05T23:42:07.341Z,7.0,1733.0,,35.437847,-106.127912,,,,,,AM-5G19-120,19
32,psk,,20,840.0,5610,p0w3rt03h3p80pl3,78:8A:20:14:3F:AD,wpa2,LCWNetMain5East,ap-ptmp-airmax-ac,False,True,wireless,Main5East,8.6.2,bc20aebd-b629-44be-a83d-1e709629aeb1,172.16.18.60/24,78:8a:20:14:3f:ad,RP-5AC-Gen2,Main5East,XC,XC,,c540c3fe-a9c2-4890-9374-69b9406e9723,Main,5c5ce6e5-c606-4ddb-a266-45d679a9db50,,active,site,airMax,2022-08-05T23:42:07.341Z,7.0,1733.0,,35.437872,-106.12791,,,,,,AM-5G20-90,20
33,psk,,20,840.0,5165,p0w3rt03h3p80pl3,44:D9:E7:CA:4F:13,wpa2,LCWNetBajaWaldo5,ap-ptmp-airmax-ac,False,True,wireless,BajaWaldo5,8.6.2,954c51d1-0665-4ced-a2cc-980bdfcb1bc9,172.16.16.55/24,44:d9:e7:ca:4f:13,NBE-5AC-19,BajaWaldo5,XC,XC,,26efb21c-2a2c-479c-8413-15d69656168a,BajaWaldo,16f916d7-a8d8-4139-a18a-12ddb8f7c2bc,,active,site,airMax,2022-08-05T23:42:07.342Z,7.0,1826.0,,35.418416,-106.218401,,,,,,NBE-M5AC-19,19
34,none,,20,900.0,912,,68:72:51:88:5B:13,none,LCWNetOldForestTrail9Southeast,ap,False,True,wireless,OldForestTrail9Southeast,6.2.0,5da92502-a511-493b-a2ef-bbfe20bcaedb,172.16.10.54/24,68:72:51:88:5b:13,R9N,OldForestTrail9Southeast,XM,XM,,27cd83ef-a67b-475d-93bd-ad28d13bc2f8,OldForestTrail,856f32ac-2529-4049-a862-b6e014b05b1e,,active,site,airMax,2022-08-05T23:42:07.342Z,3.0,2398.0,,35.609293,-105.862664,,,,,,AM-9M13,13
35,,,20,,917,,68:72:51:8A:72:D7,,LCWNetOldForestTrail9Southwest,ap,,True,wireless,OldForestTrail9Southwest,6.2.0,9161122c-27e0-40a7-9f3b-ab7b0ec3f494,172.16.10.55/24,68:72:51:8a:72:d7,R9N,OldForestTrail9Southwest,XM,XM,,27cd83ef-a67b-475d-93bd-ad28d13bc2f8,OldForestTrail,856f32ac-2529-4049-a862-b6e014b05b1e,,active,site,airMax,2022-08-05T23:42:07.342Z,3.0,2398.0,,35.608016,-105.86276,,,,,,AM-9M13,13
36,psk,,20,840.0,5545,p0w3rt03h3p80pl3,80:2A:A8:E8:EE:4A,wpa2,LCWNetHorseShelterSanLazaro,ap-ptp,False,True,wireless,HorseShelterSanLazaro,8.6.2,056f3b81-76e9-469b-baf9-d7de5c320bab,172.16.18.9/24,80:2a:a8:e8:ee:4a,PBE-5AC-400,HorseShelterSanLazaro,WA,WA,,79bb919d-b4b1-460b-9ed1-1d8f8aee025b,HorseShelter,4521ece7-ebb9-44f1-85d3-7bd1d2a1fd3a,,active,site,airMax,2022-08-05T23:42:07.342Z,8.0,1817.0,,35.383422,-106.046375,,,,,,400,25
37,psk,,20,840.0,5835,p0w3rt03h3p80pl3,80:2A:A8:64:BC:35,wpa2,LCWNetHorseShelter5,ap-ptmp-airmax-ac,False,True,wireless,HorseShelter5,8.6.2,d13a588c-6e3e-44a6-8c9a-6f77f967c11a,172.16.18.64/24,80:2a:a8:64:bc:35,R5AC-PRISM,HorseShelter5,XC,XC,,79bb919d-b4b1-460b-9ed1-1d8f8aee025b,HorseShelter,4521ece7-ebb9-44f1-85d3-7bd1d2a1fd3a,,active,site,airMax,2022-08-05T23:42:07.342Z,8.0,1817.0,,35.38319,-106.046423,,,,,,AM-5AC21-60,21
38,psk,,20,840.0,5755,p0w3rt03h3p80pl3,F0:9F:C2:8A:CC:91,wpa2,LCWNetHornyToad5,ap-ptmp-airmax-ac,False,True,wireless,HornyToad5,8.6.2,95cc7121-c3d9-4818-83f8-d47067c807d4,172.16.18.68/24,f0:9f:c2:8a:cc:91,NBE-5AC-Gen2,HornyToad5,XC,XC,,f5e74174-efb8-435b-b924-37444ed92acc,HornyToad,9904f2a1-7e67-44e9-bdb0-062c25d8f4c7,,active,site,airMax,2022-08-05T23:42:07.342Z,6.0,1852.0,,35.429766,-106.047653,,,,,,NBE-5AC-G2,19
39,psk,,20,840.0,5175,p0w3rt03h3p80pl3,F4:92:BF:F4:D9:76,wpa2,LCWNetBrokenSaddle5,ap-ptp,False,True,wireless,BrokenSaddle5,8.7.1,406557ed-b60f-4e95-bf0b-1cedf69c3060,172.16.18.71/24,f4:92:bf:f4:d9:76,LBE-5AC-Gen2,BrokenSaddle5,WA,WA,,2e5b111f-0888-4216-9a27-470233197c91,BrokenSaddle,5c5ce6e5-c606-4ddb-a266-45d679a9db50,,active,site,airMax,2022-08-05T23:42:07.342Z,10.0,,,35.43926,-106.1204,,,,,,23,23
40,psk,,20,840.0,5230,p0w3rt03h3p80pl3,F4:92:BF:D6:BD:E3,wpa2,LCWNetRedRockRoad5,ap-ptmp-airmax-mixed,False,True,wireless,RedRockRoad5,8.7.1,c0c9d729-3b1d-4f10-b36c-2a361e433941,172.16.16.83/24,f4:92:bf:d6:bd:e3,LBE-5AC-Gen2,RedRockRoad5,WA,WA,,2e037c4d-a5fe-4071-95a7-4bb1e70fedc5,RedRockRoad5,7396d7b8-63cf-488a-bfd2-c6eb07c024c2,,active,site,airMax,2022-08-05T23:42:07.342Z,10.0,,,35.41327,-106.22947,,,,,,23,23
41,psk,,20,840.0,5770,p0w3rt03h3p80pl3,80:2A:A8:A4:A3:D4,wpa2,LCWNetViadeLoma5West,ap-ptmp-airmax-ac,False,True,wireless,ViadeLoma5West,8.6.2,7123f48b-bd25-41d4-93ac-6863f6e77f28,172.16.16.64/24,80:2a:a8:a4:a3:d4,R5AC-PRISM,ViadeLoma5West,XC,XC,,30d8d84a-e097-49da-b860-bcb6dc78a069,ViadeLoma,16f916d7-a8d8-4139-a18a-12ddb8f7c2bc,,active,site,airMax,2022-08-05T23:42:07.342Z,10.0,1969.0,,35.379805,-106.194607,,,,,,AM-5G20-90,20
42,psk,,20,840.0,5225,p0w3rt03h3p80pl3,80:2A:A8:64:6D:4A,wpa2,LCWNetViadeLoma5Northwest,ap-ptmp-airmax-ac,False,True,wireless,ViadeLoma5Northwest,8.6.2,b559e3cf-adb1-4a30-b491-25d563c0ee07,172.16.16.71/24,80:2a:a8:64:6d:4a,R5AC-PRISM,ViadeLoma5Northwest,XC,XC,,30d8d84a-e097-49da-b860-bcb6dc78a069,ViadeLoma,16f916d7-a8d8-4139-a18a-12ddb8f7c2bc,,active,site,airMax,2022-08-05T23:42:07.342Z,10.0,1969.0,,35.379688,-106.194457,,,,,,AM-5G19-120,19
43,psk,,20,840.0,5740,p0w3rt03h3p80pl3,80:2A:A8:64:6D:3C,wpa2,LCWNetViadeLoma5South,ap-ptmp-airmax-ac,False,True,wireless,ViadeLoma5South,8.6.2,ab53f1ea-6632-4f4b-9236-0e5ceaec762a,172.16.16.72/24,80:2a:a8:64:6d:3c,R5AC-PRISM,ViadeLoma5South,XC,XC,,30d8d84a-e097-49da-b860-bcb6dc78a069,ViadeLoma,16f916d7-a8d8-4139-a18a-12ddb8f7c2bc,,active,site,airMax,2022-08-05T23:42:07.342Z,10.0,1969.0,,35.379857,-106.194585,,,,,,AM-5G20-90,20
45,psk,,20,840.0,5705,p0w3rt03h3p80pl3,80:2A:A8:24:D7:4E,wpa2,LCWNetJicarillaRidge5SW,ap-ptmp-airmax-ac,False,True,wireless,JicarillaRidge5SW,8.6.2,4797c3ea-3909-4023-a7ca-53c82f289d69,172.16.10.64/24,80:2a:a8:24:d7:4e,R5AC-PRISM,JicarillaRidge5SW,XC,XC,,a236f7d5-6b82-44e0-b30c-351b54a20c08,JicarillaRidge,529482c2-bde5-4f1d-8112-e67ffb8abe94,,active,site,airMax,2022-08-05T23:42:07.342Z,6.0,2239.0,,35.554972,-105.821977,,,,,,AM-5G20-90,20
46,psk,,20,840.0,5835,p0w3rt03h3p80pl3,80:2A:A8:24:D7:50,wpa2,LCWNetJicarillaRidge5NE,ap-ptmp-airmax-ac,False,True,wireless,JicarillaRidge5NE,8.6.2,4094ae63-1eec-4421-9ee5-ef5e6c4b4f4f,172.16.10.65/24,80:2a:a8:24:d7:50,R5AC-PRISM,JicarillaRidge5NE,XC,XC,,a236f7d5-6b82-44e0-b30c-351b54a20c08,JicarillaRidge,529482c2-bde5-4f1d-8112-e67ffb8abe94,,active,site,airMax,2022-08-05T23:42:07.342Z,6.0,2239.0,,35.555017,-105.82201,,,,,,AM-5G19-120,19
47,psk,,10,840.0,5635,p0w3rt03h3p80pl3,78:8A:20:3A:26:5B,wpa2,LCWNetRogersville5,ap-ptp,False,True,wireless,Rogersville5,8.6.2,7b22519b-afc7-4a90-adf8-71038ead3920,172.16.16.79/24,78:8a:20:3a:26:5b,LBE-5AC-Gen2,Rogersville5,WA,WA,,4302c61c-3e92-4511-b301-3119fa527ffc,Rogersville,e21c1eed-5c31-4bfc-91b3-e404f73da250,,active,site,airMax,2022-08-05T23:42:07.342Z,5.0,1747.0,,35.443266,-106.157416,,,,,,23,23
48,psk,,20,840.0,5285,p0w3rt03h3p80pl3,F0:9F:C2:EC:48:5C,wpa2,LCWNetGeneralGoodwin5,ap-ptmp-airmax-ac,False,True,wireless,GeneralGoodwin5,8.6.2,f9b02831-2ca3-49b4-8af5-0ecc13c92f1b,172.16.16.61/24,f0:9f:c2:ec:48:5c,PS-5AC,GeneralGoodwin5,XC,XC,,390d1475-3afb-4ee8-88d8-e3f4e4ead0a8,GeneralGoodwin,ea5ee0e5-ec6f-4997-9b3b-13ae0f3b2566,,active,site,airMax,2022-08-05T23:42:07.343Z,8.0,1792.0,,35.418078,-106.061758,,,,,,Horn,16
49,none,,20,900.0,912,,68:72:51:42:F4:29,none,LCWNetSetonVillage900,ap,False,True,wireless,SetonVillage900,6.2.0,3aa34f1a-af67-4f50-91be-61bf55e76352,172.16.10.74/24,68:72:51:42:f4:29,N9N,SetonVillage900,XM,XM,,bf066b61-ea56-472e-9312-d7a39b0a0197,SetonVillage,00e72a96-9bcd-402b-9301-0ad7e43d3fd3,,active,site,airMax,2022-08-05T23:42:07.343Z,7.0,2148.0,,35.59995,-105.93116,,,,,,Internal,8
50,psk,,20,840.0,5485,p0w3rt03h3p80pl3,78:8A:20:1C:51:B0,wpa2,LCWNetSetonVillage5,ap-ptmp-airmax-ac,False,True,wireless,SetonVillage5,8.6.2,d442f37a-dff0-4429-847d-1c98bb76e5e0,172.16.10.71/24,78:8a:20:1c:51:b0,RP-5AC-Gen2,SetonVillage5,XC,XC,,bf066b61-ea56-472e-9312-d7a39b0a0197,SetonVillage,00e72a96-9bcd-402b-9301-0ad7e43d3fd3,,active,site,airMax,2022-08-05T23:42:07.343Z,7.0,2148.0,,35.599943,-105.931195,,,,,,AMO-5G13,13
51,psk,,10,840.0,5710,p0w3rt03h3p80pl3,44:D9:E7:A2:10:C6,wpa2,LCWNetSetonVillage400,ap-ptp,False,True,wireless,SetonVillage400AP,8.6.2,fec522ca-c3bc-4651-9ffd-b6f4b008cf66,172.16.10.73/24,44:d9:e7:a2:10:c6,PBE-5AC-400,SetonVillage400AP,WA,WA,,bf066b61-ea56-472e-9312-d7a39b0a0197,SetonVillage,00e72a96-9bcd-402b-9301-0ad7e43d3fd3,,active,site,airMax,2022-08-05T23:42:07.343Z,7.0,2148.0,,35.59995,-105.93116,,,,,,400,25
52,psk,,10,840.0,5270,p0w3rt03h3p80pl3,B4:FB:E4:6A:4B:29,wpa2,LCWNetSetonVillage5North,ap-ptp,False,True,wireless,SetonVillage5North,8.6.2,5a3ed80d-5a2e-4858-a679-2f2c61d563cb,172.16.10.51/24,b4:fb:e4:6a:4b:29,Loco5AC,SetonVillage5North,WA,WA,,bf066b61-ea56-472e-9312-d7a39b0a0197,SetonVillage,00e72a96-9bcd-402b-9301-0ad7e43d3fd3,,active,site,airMax,2022-08-05T23:42:07.343Z,7.0,2148.0,,35.60005,-105.93109,,,,,,NANO-G2,13
53,psk,,20,840.0,5485,p0w3rt03h3p80pl3,80:2A:A8:64:67:DD,wpa2,LCWNetOverlookHigh5,ap-ptmp-airmax-ac,False,True,wireless,OverlookHigh5,8.6.2,c7a68489-bfe2-4ff4-9f71-6088b933deb5,172.16.10.84/24,80:2a:a8:64:67:dd,R5AC-PRISM,OverlookHigh5,XC,XC,,4b7509c0-4983-4e19-927c-76ceb76baac2,Overlook,ab9db5ce-9b6d-425d-a5d5-e635e4db1d7e,,active,site,airMax,2022-08-05T23:42:07.343Z,7.62,,,35.61682,-105.882898,,,,,,AM-M-V5G-Ti,17
54,psk,,20,840.0,5335,p0w3rt03h3p80pl3,80:2A:A8:64:66:51,wpa2,LCWNetOverlook5,ap-ptmp-airmax-ac,False,True,wireless,Overlook5,8.6.2,48a03eee-5904-4c91-b248-a5f7a07482e1,172.16.10.83/24,80:2a:a8:64:66:51,R5AC-PRISM,Overlook5,XC,XC,,4b7509c0-4983-4e19-927c-76ceb76baac2,Overlook,ab9db5ce-9b6d-425d-a5d5-e635e4db1d7e,,active,site,airMax,2022-08-05T23:42:07.343Z,7.62,,,35.61679,-105.882857,,,,,,AM-M-V5G-Ti,17
55,psk,,20,840.0,5670,p0w3rt03h3p80pl3,78:8A:20:14:40:1E,wpa2,LCWNetRanchodeBosqueNorth5,ap-ptmp-airmax-ac,False,True,wireless,RanchodeBosqueNorth5,8.6.2,ee230f1e-6c8c-4515-885d-af35f2beafb5,172.16.8.65/24,78:8a:20:14:40:1e,RP-5AC-Gen2,RanchodeBosqueNorth5,XC,XC,,4ba55eeb-4640-492b-8d92-72780fa4686d,RanchodeBosque,00e72a96-9bcd-402b-9301-0ad7e43d3fd3,,active,site,airMax,2022-08-05T23:42:07.343Z,7.0,2098.0,,35.498697,-105.887212,,,,,,AM-5G19-120,19
56,psk,,20,840.0,5610,p0w3rt03h3p80pl3,78:8A:20:14:3F:EE,wpa2,LCWNetRanchodeBosqueWest5,ap-ptmp-airmax-ac,False,True,wireless,RanchodeBosqueWest5,8.6.2,87268e64-17d6-4f5a-9dba-5a8ea59734ea,172.16.8.66/24,78:8a:20:14:3f:ee,RP-5AC-Gen2,RanchodeBosqueWest5,XC,XC,,4ba55eeb-4640-492b-8d92-72780fa4686d,RanchodeBosque,00e72a96-9bcd-402b-9301-0ad7e43d3fd3,,active,site,airMax,2022-08-05T23:42:07.343Z,7.0,2098.0,,35.4987,-105.887198,,,,,,AM-5G20-90,20
57,psk,,20,840.0,5175,p0w3rt03h3p80pl3,B4:FB:E4:6A:68:A2,wpa2,LCWNetDosLobos5,ap-ptp,False,True,wireless,DosLobos5,8.7.4,b4e94e84-de80-44bc-9840-1c97c5d6c792,172.16.16.13/24,b4:fb:e4:6a:68:a2,Loco5AC,DosLobos5,WA,WA,,5324f22d-f41d-4da8-b732-3eb323886dba,dos-lobos-loop,86e7359e-0a2c-474e-8e8b-00f52392be8d,,active,endpoint,airMax,2022-08-05T23:42:07.343Z,7.0,1874.0,,35.48795,-106.05511,,,,,,NANO-G2,13
58,psk,,20,840.0,5775,p0w3rt03h3p80pl3,80:2A:A8:24:D8:3C,wpa2,LCWNetSpiritRidge5,ap-ptmp-airmax-ac,False,True,wireless,SpiritRidge5,8.6.2,06d15a3f-ef48-43cc-8cb6-ef45b8875630,172.16.10.81/24,80:2a:a8:24:d8:3c,R5AC-PRISM,SpiritRidge5,XC,XC,,529482c2-bde5-4f1d-8112-e67ffb8abe94,SpiritRidge,00e72a96-9bcd-402b-9301-0ad7e43d3fd3,,active,site,airMax,2022-08-05T23:42:07.343Z,6.0,2342.0,,35.536444,-105.815286,,,,,,AM-5G20-90,20
59,psk,,20,840.0,5565,p0w3rt03h3p80pl3,F0:9F:C2:8A:BB:28,wpa2,LCWNetSpiritRidge5Northwest,ap-ptmp-airmax-mixed,False,True,wireless,SpiritRidge5Northwest,8.7.4,940949d6-4b31-4131-8235-15be0af45ba4,172.16.10.92/24,f0:9f:c2:8a:bb:28,RP-5AC-Gen2,SpiritRidge5Northwest,XC,XC,,529482c2-bde5-4f1d-8112-e67ffb8abe94,SpiritRidge,00e72a96-9bcd-402b-9301-0ad7e43d3fd3,,active,site,airMax,2022-08-05T23:42:07.343Z,6.0,2342.0,,35.536435,-105.815273,,,,,,AM-M-V5G-Ti,17
60,psk,,30,840.0,5830,p0w3rt03h3p80pl3,F0:9F:C2:8A:C0:84,wpa2,LCWNetDonJoseSantaFe,ap-ptmp-airmax-ac,False,True,wireless,DonJoseSantaFe,8.6.2,1df38753-0dc6-4bb8-ae22-d53e368bbf52,172.16.16.21/24,f0:9f:c2:8a:c0:84,RP-5AC-Gen2,DonJoseSantaFe,XC,XC,,4521ece7-ebb9-44f1-85d3-7bd1d2a1fd3a,DonJose,00e72a96-9bcd-402b-9301-0ad7e43d3fd3,,active,site,airMax,2022-08-05T23:42:07.343Z,7.0,1872.0,,35.4546,-106.056783,,,,,,AM-5AC21-60,21
61,psk,,40,840.0,5695,p0w3rt03h3p80pl3,24:5A:4C:06:30:67,wpa2,LCWNetDonJoseCerroPelon,ap-ptmp-airmax-mixed,False,True,wireless,DonJoseCerroPelon,8.7.4,5e74c787-a3eb-4d60-b086-243f1eea1263,172.16.18.2/24,24:5a:4c:06:30:67,RP-5AC-Gen2,DonJoseCerroPelon,XC,XC,,4521ece7-ebb9-44f1-85d3-7bd1d2a1fd3a,DonJose,00e72a96-9bcd-402b-9301-0ad7e43d3fd3,,active,site,airMax,2022-08-05T23:42:07.343Z,7.0,1872.0,,35.454348,-106.056588,,,,,,AM-5AC21-60,21
62,psk,,30,840.0,5780,0000:0000:0000:0000,FC:EC:DA:77:B9:1A,wpa2,LCWNetDonJoseOrt,,,True,wireless,DonJoseOrtiz,2.2.0,2a01fb67-7530-4ece-87bb-b926132a84cf,172.16.18.3/24,fc:ec:da:77:b9:1a,LTU-Rocket,DonJoseOrtiz,aflturocket,lturocket,,4521ece7-ebb9-44f1-85d3-7bd1d2a1fd3a,DonJose,00e72a96-9bcd-402b-9301-0ad7e43d3fd3,,active,site,airFiber,2022-08-05T23:42:07.344Z,7.0,1872.0,,35.454334,-106.056693,,,,2.0,ap-ptmp,problem,0
63,psk,,20,840.0,5530,p0w3rt03h3p80pl3,80:2A:A8:24:D7:53,wpa2,LCWNetDonJose5North,ap-ptmp-airmax-ac,False,True,wireless,DonJose5North,8.6.2,4cb7d248-ce97-4b65-9147-4bedd138c104,172.16.16.63/24,80:2a:a8:24:d7:53,R5AC-PRISM,DonJose5North,XC,XC,,4521ece7-ebb9-44f1-85d3-7bd1d2a1fd3a,DonJose,00e72a96-9bcd-402b-9301-0ad7e43d3fd3,,active,site,airMax,2022-08-05T23:42:07.344Z,7.0,1872.0,,35.454595,-106.056757,,,,,,AM-5G19-120,19
64,psk,,20,840.0,5165,p0w3rt03h3p80pl3,E0:63:DA:D8:52:1C,wpa2,LCWNetDonJose5Northeast,ap-ptmp-airmax-mixed,False,True,wireless,DonJose5Northeast,8.7.1,dbab7eb8-461a-4e3d-bf7d-d83a118928e1,172.16.16.62/24,e0:63:da:d8:52:1c,RP-5AC-Gen2,DonJose5Northeast,XC,XC,,4521ece7-ebb9-44f1-85d3-7bd1d2a1fd3a,DonJose,00e72a96-9bcd-402b-9301-0ad7e43d3fd3,,active,site,airMax,2022-08-05T23:42:07.344Z,7.0,1872.0,,35.454597,-106.056772,,,,,,RD-5G-34,34
65,psk,,20,840.0,5595,p0w3rt03h3p80pl3,80:2A:A8:24:D7:CF,wpa2,LCWNetSerpentineRidge5,ap-ptmp-airmax-ac,False,True,wireless,SerpentineRidge5,8.6.2,e9312212-f683-4c31-9435-844f842208c8,172.16.10.53/24,80:2a:a8:24:d7:cf,R5AC-PRISM,SerpentineRidge5,XC,XC,,440c95eb-8275-494d-b277-9f37ba00f3a8,SerpentineRidge,00e72a96-9bcd-402b-9301-0ad7e43d3fd3,,active,site,airMax,2022-08-05T23:42:07.344Z,2.0,2408.0,,35.617238,-105.889962,,,,,,AM-5G19-120,19
66,psk,,20,840.0,5665,p0w3rt03h3p80pl3,78:8A:20:14:40:F3,wpa2,LCWNetSerpentineRidge5Southwest,ap-ptmp-airmax-mixed,False,True,wireless,SerpentineRidge5Southwest,8.7.1,92cd7012-6108-49c8-a473-2eb394deeccc,172.16.10.101/24,78:8a:20:14:40:f3,RP-5AC-Gen2,SerpentineRidge5Southwest,XC,XC,,440c95eb-8275-494d-b277-9f37ba00f3a8,SerpentineRidge,00e72a96-9bcd-402b-9301-0ad7e43d3fd3,,active,site,airMax,2022-08-05T23:42:07.344Z,2.0,2408.0,,35.617222,-105.890045,,,,,,AM-5G17-90,17
67,psk,,20,840.0,5700,p0w3rt03h3p80pl3,80:2A:A8:24:D8:C3,wpa2,LCWNetGoldmine5Northeast,ap-ptmp-airmax-ac,False,True,wireless,Goldmine5Northeast,8.6.2,30e9c3ff-5779-4405-85f1-0f51dd9dbddb,172.16.18.70/24,80:2a:a8:24:d8:c3,R5AC-PRISM,Goldmine5Northeast,XC,XC,,5c5ce6e5-c606-4ddb-a266-45d679a9db50,Goldmine,4521ece7-ebb9-44f1-85d3-7bd1d2a1fd3a,,active,site,airMax,2022-08-05T23:42:07.344Z,6.0,1826.0,,35.41962,-106.129793,,,,,,AM-5AC22-45,22
68,psk,,20,840.0,5485,p0w3rt03h3p80pl3,80:2A:A8:24:D8:59,wpa2,LCWNetGoldmine5North,ap-ptmp-airmax-ac,False,True,wireless,Goldmine5North,8.6.2,085d5e32-43f1-4185-baf3-ef62d07683f1,172.16.18.58/24,80:2a:a8:24:d8:59,R5AC-PRISM,Goldmine5North,XC,XC,,5c5ce6e5-c606-4ddb-a266-45d679a9db50,Goldmine,4521ece7-ebb9-44f1-85d3-7bd1d2a1fd3a,,active,site,airMax,2022-08-05T23:42:07.344Z,6.0,1826.0,,35.419957,-106.129532,,,,,,AM-5AC22-45,22
69,psk,,20,840.0,5550,p0w3rt03h3p80pl3,B4:FB:E4:BE:3B:E2,wpa2,LCWNetGoldmineOldGoat,ap-ptp,False,True,wireless,GoldmineOldGoat,8.7.0,1866a573-c6cc-466a-849e-8b8082aadc4b,172.16.18.16/24,b4:fb:e4:be:3b:e2,RP-5AC-Gen2,GoldmineOldGoat,XC,XC,,5c5ce6e5-c606-4ddb-a266-45d679a9db50,Goldmine,4521ece7-ebb9-44f1-85d3-7bd1d2a1fd3a,,active,site,airMax,2022-08-05T23:42:07.344Z,6.0,1826.0,,35.419925,-106.129543,,,,,,RD-5G-34,34
70,psk,,20,840.0,5335,p0w3rt03h3p80pl3,78:8A:20:14:40:A5,wpa2,LCWNetGoldmine5South,ap-ptmp-airmax-ac,False,True,wireless,Goldmine5South,8.6.2,a045a8c2-3665-456d-8940-7f1d0b279ecb,172.16.18.59/24,78:8a:20:14:40:a5,RP-5AC-Gen2,Goldmine5South,XC,XC,,5c5ce6e5-c606-4ddb-a266-45d679a9db50,Goldmine,4521ece7-ebb9-44f1-85d3-7bd1d2a1fd3a,,active,site,airMax,2022-08-05T23:42:07.344Z,6.0,1826.0,,35.419932,-106.129555,,,,,,AM-5G19-120,19
71,psk,,20,840.0,5650,p0w3rt03h3p80pl3,78:8A:20:14:13:EA,wpa2,LCWNetGoldmine5Cerrillos,ap-ptmp-airmax-ac,False,True,wireless,Goldmine5Cerrillos,8.6.2,957a35f8-7537-47c3-9e47-fb98447fe344,172.16.18.69/24,78:8a:20:14:13:ea,RP-5AC-Gen2,Goldmine5Cerrillos,XC,XC,,5c5ce6e5-c606-4ddb-a266-45d679a9db50,Goldmine,4521ece7-ebb9-44f1-85d3-7bd1d2a1fd3a,,active,site,airMax,2022-08-05T23:42:07.344Z,6.0,1826.0,,35.41996,-106.129537,,,,,,AM-5AC22-45,22
72,psk,,20,840.0,5165,p0w3rt03h3p80pl3,F4:92:BF:D6:C0:61,wpa2,LCWNetMadredeDios5,ap-ptp,False,True,wireless,MadredeDios5,8.7.1,39de4660-43e9-4706-82ad-f00cad219fcc,172.16.10.102/24,f4:92:bf:d6:c0:61,LBE-5AC-Gen2,MadredeDios5,WA,WA,,5c9e9c35-c332-4f07-8710-b9267372651e,MadredeDios,856f32ac-2529-4049-a862-b6e014b05b1e,,active,site,airMax,2022-08-05T23:42:07.344Z,8.0,,,35.5771,-105.8582,,,,,,23,23
74,none,,2160,840.0,64800,,,wpa2,LCWNetMoutainTop5PTP,ap-ptp,False,True,wireless,MountainTop5PTP,1.4.0,2a9b984c-49ca-4c8a-bc8e-efdff8a37a47,172.16.10.82/24,e0:63:da:48:8a:44,GBE,MountainTop5PTP,GBE,GBE,,ab9db5ce-9b6d-425d-a5d5-e635e4db1d7e,MountainTop,00e72a96-9bcd-402b-9301-0ad7e43d3fd3,,active,site,airMax,2022-08-05T23:42:07.344Z,7.0,2492.0,,35.619098,-105.887384,,,,,,GBE-60G,19
75,none,,2160,840.0,58320,p0w3rt03h3p80pl3,,wpa2,LCWNetMtnTop2Overlook,ap-ptp,False,True,wireless,MountainTop2Overlook,1.4.0,286c95cb-6911-4181-866b-52056675d5f1,172.16.10.12/24,04:18:d6:a2:4a:78,GBE-Plus,MountainTop2Overlook,GBE,GBE,,ab9db5ce-9b6d-425d-a5d5-e635e4db1d7e,MountainTop,00e72a96-9bcd-402b-9301-0ad7e43d3fd3,,active,site,airMax,2022-08-05T23:42:07.344Z,7.0,2492.0,,35.619091,-105.887387,,,,,,GBE-PLUS-60G,35
76,psk,,20,840.0,5835,p0w3rt03h3p80pl3,80:2A:A8:A4:25:72,wpa2,LCWNetMountainTop5,ap-ptmp-airmax-mixed,False,True,wireless,MountainTop5,8.7.8,0f6a68ad-bdd7-48ef-a4b2-7db9217ba45d,172.16.10.80/24,80:2a:a8:a4:25:72,R5AC-PRISM,MountainTop5,XC,XC,,ab9db5ce-9b6d-425d-a5d5-e635e4db1d7e,MountainTop,00e72a96-9bcd-402b-9301-0ad7e43d3fd3,,active,site,airMax,2022-08-05T23:42:07.344Z,7.0,2492.0,,35.619105,-105.88743,,,,,,AM-V5G-Ti,21
78,psk,,20,840.0,5600,p0w3rt03h3p80pl3,78:8A:20:EC:72:C0,wpa2,LCWNetPaseoVista5East,ap-ptmp-airmax-ac,False,True,wireless,PaseoVista5East,8.6.2,ed354387-21b9-4893-bd67-5d0b5046910f,172.16.10.60/24,78:8a:20:ec:72:c0,RP-5AC-Gen2,PaseoVista5East,XC,XC,,627c27e4-34ee-401a-bd68-d4634ec8af16,PaseoVista,00e72a96-9bcd-402b-9301-0ad7e43d3fd3,,active,site,airMax,2022-08-05T23:42:07.345Z,7.0,2183.0,,35.604937,-105.928278,,,,,,AM-5G19-120,19
79,psk,,20,840.0,5260,p0w3rt03h3p80pl3,FC:EC:DA:DC:29:73,wpa2,LCWNetPaseoVista5North,ap-ptmp-airmax-ac,False,True,wireless,PaseoVista5North,8.6.2,18be0ee5-b187-4f86-a264-61e56422062c,172.16.10.89/24,fc:ec:da:dc:29:73,RP-5AC-Gen2,PaseoVista5North,XC,XC,,627c27e4-34ee-401a-bd68-d4634ec8af16,PaseoVista,00e72a96-9bcd-402b-9301-0ad7e43d3fd3,,active,site,airMax,2022-08-05T23:42:07.345Z,7.0,2183.0,,35.605087,-105.928322,,,,,,AM-M-V5G-Ti,17
80,psk,,20,840.0,5630,p0w3rt03h3p80pl3,78:8A:20:AC:4C:47,wpa2,LCWNetPaseoVista5Northwest,ap-ptmp-airmax-ac,False,True,wireless,PaseoVista5Northwest,8.6.2,603938a6-3211-4fa8-9639-b280ba430fec,172.16.10.61/24,78:8a:20:ac:4c:47,RP-5AC-Gen2,PaseoVista5Northwest,XC,XC,,627c27e4-34ee-401a-bd68-d4634ec8af16,PaseoVista,00e72a96-9bcd-402b-9301-0ad7e43d3fd3,,active,site,airMax,2022-08-05T23:42:07.345Z,7.0,2183.0,,35.604998,-105.9283,,,,,,AM-5G19-120,19
81,psk,,20,840.0,5485,p0w3rt03h3p80pl3,80:2A:A8:A4:A5:F5,wpa2,LCWNetWaldoMesa5,ap-ptmp-airmax-ac,False,True,wireless,WaldoMesa5,8.6.2,d8f01237-0b1e-4fa2-be4d-e8d96a67dd24,172.16.16.65/24,80:2a:a8:a4:a5:f5,R5AC-PRISM,WaldoMesa5,XC,XC,,e21c1eed-5c31-4bfc-91b3-e404f73da250,WaldoMesa,4521ece7-ebb9-44f1-85d3-7bd1d2a1fd3a,,active,site,airMax,2022-08-05T23:42:07.345Z,7.0,1843.0,,35.428132,-106.151193,,,,,,AM-5G20-90,20
84,psk,,20,840.0,5485,p0w3rt03h3p80pl3,80:2A:A8:A4:28:24,wpa2,LCWNetSouthFork5,ap-ptmp-airmax-ac,False,True,wireless,SouthFork5,8.6.2,24c2e5c3-42ce-4ac4-b4b0-432b2b660773,172.16.16.77/24,80:2a:a8:a4:28:24,R5AC-PRISM,SouthFork5,XC,XC,,6ac8699d-2cce-4df1-8ca8-16b3108d40b0,SouthFork,4521ece7-ebb9-44f1-85d3-7bd1d2a1fd3a,,active,site,airMax,2022-08-05T23:42:07.345Z,7.0,-3492.0,,35.472923,-106.040408,,,,,,AM-5G19-120,19
85,psk,,20,840.0,5570,p0w3rt03h3p80pl3,80:2A:A8:A4:26:86,wpa2,LCWNetVerano5Vertical,ap-ptmp-airmax-ac,False,True,wireless,Verano5Vertical,8.6.2,4f60a529-d3f9-4df6-a62d-cb4d57c7c0ac,172.16.8.70/24,80:2a:a8:a4:26:86,R5AC-PRISM,Verano5Vertical,XC,XC,,6d647f3e-bb58-4b05-82ef-040bc941da9e,Verano,00e72a96-9bcd-402b-9301-0ad7e43d3fd3,,active,site,airMax,2022-08-05T23:42:07.345Z,7.0,2080.0,,35.547935,-105.921455,,,,,,AM-5G16-120,16
86,psk,,20,840.0,5835,p0w3rt03h3p80pl3,80:2A:A8:64:68:3A,wpa2,LCWNetVerano5ESE,ap-ptmp-airmax-ac,False,True,wireless,Verano5ESE,8.6.2,07445737-c72e-4987-966e-e2e42f78e6b0,172.16.8.71/24,80:2a:a8:64:68:3a,R5AC-PRISM,Verano5ESE,XC,XC,,6d647f3e-bb58-4b05-82ef-040bc941da9e,Verano,00e72a96-9bcd-402b-9301-0ad7e43d3fd3,,active,site,airMax,2022-08-05T23:42:07.345Z,7.0,2080.0,,35.547938,-105.9214,,,,,,AM-5G20-90,20
87,psk,,20,840.0,5660,p0w3rt03h3p80pl3,80:2A:A8:A4:25:AA,wpa2,LCWNetVerano5SW,ap-ptmp-airmax-mixed,False,True,wireless,Verano5SW,8.6.2,1873b80c-3cac-428a-9cd9-1ed254f6c08e,172.16.8.72/24,80:2a:a8:a4:25:aa,R5AC-PRISM,Verano5SW,XC,XC,,6d647f3e-bb58-4b05-82ef-040bc941da9e,Verano,00e72a96-9bcd-402b-9301-0ad7e43d3fd3,,active,site,airMax,2022-08-05T23:42:07.345Z,7.0,2080.0,,35.548002,-105.921465,,,,,,AM-5G19-120,19
89,psk,,40,840.0,5180,p0w3rt03h3p80pl3,80:2A:A8:64:E3:83,wpa2,LCWNetLosHornos55PTP,ap-ptp,False,True,wireless,LosHornosRoad5,8.6.2,53890b03-8da8-4184-a05a-f838f43e1d8f,172.16.8.15/24,80:2a:a8:64:e3:83,NBE-5AC-19,LosHornosRoad5,XC,XC,,a7cd4460-4c86-471b-8c21-42ff81eb2006,LosHornosRoad,108e9ec0-4eba-4f98-97fc-72cde52cc51f,,active,site,airMax,2022-08-05T23:42:07.345Z,7.0,2004.0,,35.491158,-105.873215,,,,,,NBE-M5AC-19,19
90,psk,,20,840.0,5625,p0w3rt03h3p80pl3,E0:63:DA:D8:52:90,wpa2,LCWNetHaozous5,ap-ptmp-airmax-mixed,False,True,wireless,Haozous5,8.7.1,8f261f65-a16e-489d-88a5-896442b5982c,172.16.16.26/24,e0:63:da:d8:52:90,RP-5AC-Gen2,Haozous5,XC,XC,,e6aac5a6-38ba-47c1-a0d0-bed145348365,Haozous,6ac8699d-2cce-4df1-8ca8-16b3108d40b0,,active,site,airMax,2022-08-05T23:42:07.345Z,7.0,1880.0,,35.458137,-106.035493,,,,,,RD-5G-34,34
91,psk,,20,840.0,5485,p0w3rt03h3p80pl3,80:2A:A8:24:D8:C5,wpa2,LCWNetRedrock5,ap-ptmp-airmax-ac,False,True,wireless,Redrock5,8.6.2,11dda061-ef63-4b55-95c4-30f560239248,172.16.16.73/24,80:2a:a8:24:d8:c5,R5AC-PRISM,Redrock5,XC,XC,,7396d7b8-63cf-488a-bfd2-c6eb07c024c2,Redrock,16f916d7-a8d8-4139-a18a-12ddb8f7c2bc,,active,site,airMax,2022-08-05T23:42:07.345Z,7.0,1852.0,,35.421353,-106.22939,,,,,,RD-5G-34,34
92,psk,,20,840.0,5485,p0w3rt03h3p80pl3,44:D9:E7:CE:20:1E,wpa2,LCWNetURbE5,ap-ptmp-airmax-ac,False,True,wireless,UpperRainbowsEnd5,8.6.2,d1de4cbb-0654-4d89-b6a5-21288e258abc,172.16.16.67/24,44:d9:e7:ce:20:1e,R5AC-PTMP,UpperRainbowsEnd5,XC,XC,,7a076f45-694a-4c16-870f-7033f1821d35,UpperRainbowsEnd,ea5ee0e5-ec6f-4997-9b3b-13ae0f3b2566,,active,site,airMax,2022-08-05T23:42:07.346Z,6.0,1793.0,,35.43019,-106.071081,,,,,,AMO-5G10,10
93,psk,,20,840.0,5665,p0w3rt03h3p80pl3,80:2A:A8:64:72:C1,wpa2,LCWNetBlueRaven5South,ap-ptmp-airmax-ac,False,True,wireless,BlueRaven5South,8.6.2,7968387a-6b48-4c73-b1da-74d18068ffea,172.16.16.76/24,80:2a:a8:64:72:c1,R5AC-PRISM,BlueRaven5South,XC,XC,,86e7359e-0a2c-474e-8e8b-00f52392be8d,BlueRaven,4521ece7-ebb9-44f1-85d3-7bd1d2a1fd3a,,active,site,airMax,2022-08-05T23:42:07.346Z,7.0,1895.0,,35.495662,-106.055212,,,,,,AM-5G19-120,19
94,psk,,20,840.0,5230,p0w3rt03h3p80pl3,80:2A:A8:64:72:CB,wpa2,LCWNetBlueRaven5North,ap-ptmp-airmax-ac,False,True,wireless,BlueRaven5North,8.6.2,aa0da1e6-7c11-4917-8300-ca1f1302973d,172.16.16.75/24,80:2a:a8:64:72:cb,R5AC-PRISM,BlueRaven5North,XC,XC,,86e7359e-0a2c-474e-8e8b-00f52392be8d,BlueRaven,4521ece7-ebb9-44f1-85d3-7bd1d2a1fd3a,,active,site,airMax,2022-08-05T23:42:07.346Z,7.0,1895.0,,35.495662,-106.055227,,,,,,AM-5G19-120,19
95,psk,,20,840.0,5835,p0w3rt03h3p80pl3,24:5A:4C:06:2C:59,wpa2,LCWNetOldGoat5,ap-ptmp-airmax-mixed,False,True,wireless,OldGoat5,8.7.1,c7a4dbae-50dd-419d-bbb3-48d48f159fb9,172.16.18.54/24,24:5a:4c:06:2c:59,RP-5AC-Gen2,OldGoat5,XC,XC,,7ad4ab31-d8aa-4cde-a279-b0db05003e3c,OldGoat,5c5ce6e5-c606-4ddb-a266-45d679a9db50,,active,site,airMax,2022-08-05T23:42:07.346Z,7.0,1870.0,,35.41284,-106.145987,,,,,,AMO-5G13,13
96,psk,,20,840.0,5680,p0w3rt03h3p80pl3,F0:9F:C2:E2:8A:81,wpa2,LCWNetSaddleback5PTP,ap-ptp,False,True,wireless,Saddleback5,8.6.2,96e02089-04e5-470e-9c01-f0fdf595a9f0,172.16.8.20/24,f0:9f:c2:e2:8a:81,Loco5AC,Saddleback5,XC,XC,,87267e7f-648d-465e-bfd0-1650a4d0ed11,SaddlebackRanch,868d6b29-26db-433f-9894-06f2b80eb011,,active,site,airMax,2022-08-05T23:42:07.346Z,7.0,1916.0,,35.4409,-105.9132,,,,,,NANO-G2,13
97,psk,,20,840.0,5325,p0w3rt03h3p80pl3,F0:9F:C2:E2:8A:20,wpa2,LCWNetRanchRoad5PTP,ap-ptp,False,True,wireless,RanchRoad5PTP,8.6.2,b9b2d582-768c-4241-9437-8e0db9efbbd0,172.16.8.63/24,f0:9f:c2:e2:8a:20,Loco5AC,RanchRoad5PTP,XC,XC,,8cf3255c-a933-4a99-91c6-95a515b48fb6,RanchRoad,4ba55eeb-4640-492b-8d92-72780fa4686d,,active,site,airMax,2022-08-05T23:42:07.346Z,7.0,2080.0,,35.506618,-105.875982,,,,,,NANO-G2,13
98,psk,,20,840.0,5300,p0w3rt03h3p80pl3,FC:EC:DA:9E:90:C6,wpa2,LCWNetLightningRidge5,ap-ptp,False,True,wireless,LightningRidge5,8.6.2,148de5c5-0eb7-4580-b671-d407cb8d56de,172.16.10.93/24,fc:ec:da:9e:90:c6,Loco5AC,LightningRidge5,WA,WA,,8b242596-4c02-4726-8a13-186143741dfb,LightingRidge,529482c2-bde5-4f1d-8112-e67ffb8abe94,,active,site,airMax,2022-08-05T23:42:07.346Z,7.0,2336.0,,35.59379,-105.84249,,,,,,NANO-G2,13
99,psk,,20,840.0,5240,p0w3rt03h3p80pl3,80:2A:A8:A4:A5:B5,wpa2,LCWNetElCerroTrail5,ap-ptmp-airmax-mixed,False,True,wireless,ElCerroTrail5,8.7.4,b50e0b84-2e5e-48c0-8604-c33c15cd3bee,172.16.16.85/24,80:2a:a8:a4:a5:b5,R5AC-PRISM,ElCerroTrail5,XC,XC,,8d620477-1f6c-4599-8661-fbf308ed0d7a,ElCerroTrail,4521ece7-ebb9-44f1-85d3-7bd1d2a1fd3a,,active,site,airMax,2022-08-05T23:42:07.346Z,10.0,,,35.475995,-106.094188,,,,,,RD-5G-34,34
100,psk,,20,840.0,5685,p0w3rt03h3p80pl3,F0:9F:C2:88:0F:ED,wpa2,LCWNetTrestleCreek5,ap-ptmp-airmax-ac,False,True,wireless,TrestleCreek5,8.6.2,bada3f50-c8c6-43e7-aefa-d02830026b05,172.16.16.51/24,f0:9f:c2:88:0f:ed,IS-5AC,TrestleCreek5,WA,WA,,94fcbe20-ebec-4d3f-bc7b-99939364ff16,TrestleCreek,390d1475-3afb-4ee8-88d8-e3f4e4ead0a8,,active,site,airMax,2022-08-05T23:42:07.346Z,8.0,1774.0,,35.404964,-106.056898,,,,,,Horn,14
101,psk,,20,840.0,5570,p0w3rt03h3p80pl3,80:2A:A8:64:BB:ED,wpa2,LCWNetDonJose5Southeast,ap-ptmp-airmax-ac,False,True,wireless,DonJose5Southeast,8.6.2,18711e79-078a-4dc3-899b-6eacf3ed4ea6,172.16.18.52/24,80:2a:a8:64:bb:ed,R5AC-PRISM,DonJose5Southeast,XC,XC,,9904f2a1-7e67-44e9-bdb0-062c25d8f4c7,DonJoseSoutheast,4521ece7-ebb9-44f1-85d3-7bd1d2a1fd3a,,active,site,airMax,2022-08-05T23:42:07.346Z,7.0,1874.0,,35.45213,-106.053498,,,,,,AM-5G19-120,19
102,psk,,20,840.0,5485,p0w3rt03h3p80pl3,F0:9F:C2:8A:B9:A5,wpa2,LCWNetDonJose5,ap-ptmp-airmax-ac,False,True,wireless,DonJose5West,8.6.2,95455802-d210-462d-9592-e02db4ab8e56,172.16.18.55/24,f0:9f:c2:8a:b9:a5,RP-5AC-Gen2,DonJose5West,XC,XC,,9904f2a1-7e67-44e9-bdb0-062c25d8f4c7,DonJoseSoutheast,4521ece7-ebb9-44f1-85d3-7bd1d2a1fd3a,,active,site,airMax,2022-08-05T23:42:07.346Z,7.0,1874.0,,35.452135,-106.053538,,,,,,AM-5AC22-45,22
103,psk,,20,840.0,5640,p0w3rt03h3p80pl3,78:8A:20:14:13:3D,wpa2,LCWNetGrenfell5East,ap-ptmp-airmax-ac,False,True,wireless,Grenfell5East,8.6.2,265056b8-b696-4780-98ee-4c28b89c4d26,172.16.18.38/24,78:8a:20:14:13:3d,RP-5AC-Gen2,Grenfell5East,XC,XC,,9b1db466-ec27-4e55-8f5a-ad7d32a7ad28,Grenfell,4521ece7-ebb9-44f1-85d3-7bd1d2a1fd3a,,active,site,airMax,2022-08-05T23:42:07.346Z,9.0,1902.0,,35.384458,-106.116263,,,,,,AM-5G19-120,19
104,psk,,20,840.0,5485,p0w3rt03h3p80pl3,80:2A:A8:64:72:CC,wpa2,LCWNetGrenfell5South,ap-ptmp-airmax-mixed,False,True,wireless,Grenfell5South,8.7.1,5c78d52e-b67a-4120-b900-49443f1198d1,172.16.18.63/24,80:2a:a8:64:72:cc,R5AC-PRISM,Grenfell5South,XC,XC,,9b1db466-ec27-4e55-8f5a-ad7d32a7ad28,Grenfell,4521ece7-ebb9-44f1-85d3-7bd1d2a1fd3a,,active,site,airMax,2022-08-05T23:42:07.346Z,9.0,1902.0,,35.384443,-106.116217,,,,,,AM-5G20-90,20
105,psk,,20,840.0,5625,p0w3rt03h3p80pl3,80:2A:A8:64:6D:48,wpa2,LCWNetGrenfell5North,ap-ptmp-airmax-ac,False,True,wireless,Grenfell5North,8.6.2,159cb14f-a836-4228-ac25-2495132dfef4,172.16.18.62/24,80:2a:a8:64:6d:48,R5AC-PRISM,Grenfell5North,XC,XC,,9b1db466-ec27-4e55-8f5a-ad7d32a7ad28,Grenfell,4521ece7-ebb9-44f1-85d3-7bd1d2a1fd3a,,active,site,airMax,2022-08-05T23:42:07.346Z,9.0,1902.0,,35.384475,-106.116243,,,,,,AM-5G19-120,19
107,none,,20,900.0,917,,68:72:51:42:F1:A8,none,LCWNetApacheCreek9,ap,False,True,wireless,ApacheCreek9,6.2.0,3505dc7c-757f-4585-8599-054130da72e8,172.16.10.22/24,68:72:51:42:f1:a8,N9N,ApacheCreek9,XM,XM,,9b728264-26fd-4365-8dc4-8f530e0f3980,ApacheCreekRanch,529482c2-bde5-4f1d-8112-e67ffb8abe94,,active,site,airMax,2022-08-05T23:42:07.347Z,7.0,2344.0,,35.598255,-105.841528,,,,,,Internal,8
109,psk,,20,840.0,5515,p0w3rt03h3p80pl3,78:8A:20:14:1D:73,wpa2,LCWNetRidgeRoadOldForestTrail,ap-ptp,False,True,wireless,RidgeRoadOldForestTrail,8.6.2,1f343d32-0a6d-4dae-8361-59bf8556795a,172.16.10.14/24,78:8a:20:14:1d:73,PBE-5AC-Gen2,RidgeRoadOldForestTrail,WA,WA,,856f32ac-2529-4049-a862-b6e014b05b1e,RidgeRoad,00e72a96-9bcd-402b-9301-0ad7e43d3fd3,,active,site,airMax,2022-08-05T23:42:07.347Z,8.0,2440.0,,35.60012,-105.880569,,,,,,400,25
110,psk,,20,840.0,5485,p0w3rt03h3p80pl3,B4:FB:E4:5A:02:96,wpa2,LCWNetRidgeRoad5Southeast,ap-ptmp-airmax-ac,False,True,wireless,RidgeRoad5Southeast,8.6.2,2fc4c309-ba6d-4da4-9a26-630ebc48a275,172.16.10.68/24,b4:fb:e4:5a:02:96,RP-5AC-Gen2,RidgeRoad5Southeast,XC,XC,,856f32ac-2529-4049-a862-b6e014b05b1e,RidgeRoad,00e72a96-9bcd-402b-9301-0ad7e43d3fd3,,active,site,airMax,2022-08-05T23:42:07.347Z,8.0,2440.0,,35.6002,-105.880513,,,,,,AM-5AC22-45,22
111,psk,,20,840.0,5240,p0w3rt03h3p80pl3,78:8A:20:1C:51:D9,wpa2,LCWNetRidgeRoad5East,ap-ptmp-airmax-ac,False,True,wireless,RidgeRoad5East,8.6.2,85826fbc-15bc-4bbe-a8b4-d2f6c8356dea,172.16.10.50/24,78:8a:20:1c:51:d9,RP-5AC-Gen2,RidgeRoad5East,XC,XC,,856f32ac-2529-4049-a862-b6e014b05b1e,RidgeRoad,00e72a96-9bcd-402b-9301-0ad7e43d3fd3,,active,site,airMax,2022-08-05T23:42:07.347Z,8.0,2440.0,,35.600225,-105.880504,,,,,,AM-5AC22-45,22
112,psk,,20,840.0,5335,p0w3rt03h3p80pl3,78:8A:20:14:3E:8E,wpa2,LCWNetRidgeRoad5,ap-ptmp-airmax-mixed,False,True,wireless,RidgeRoad5,8.7.1,8ac526f5-99df-46e0-b2f0-8a918717c695,172.16.10.9/24,78:8a:20:14:3e:8e,RP-5AC-Gen2,RidgeRoad5,XC,XC,,856f32ac-2529-4049-a862-b6e014b05b1e,RidgeRoad,00e72a96-9bcd-402b-9301-0ad7e43d3fd3,,active,site,airMax,2022-08-05T23:42:07.347Z,8.0,2440.0,,35.600212,-105.880508,,,,,,AM-5AC22-45,22
113,psk,,20,840.0,5650,p0w3rt03h3p80pl3,78:8A:20:A4:57:3D,wpa2,LCWNetRidgeRoadNorthwest5,ap-ptmp-airmax-mixed,False,True,wireless,RidgeRoadNorthwest5,8.7.1,a02a82b1-aa90-4ac0-8499-9a23ebb7151a,172.16.10.10/24,78:8a:20:a4:57:3d,PS-5AC,RidgeRoadNorthwest5,XC,XC,,856f32ac-2529-4049-a862-b6e014b05b1e,RidgeRoad,00e72a96-9bcd-402b-9301-0ad7e43d3fd3,,active,site,airMax,2022-08-05T23:42:07.347Z,8.0,2440.0,,35.600257,-105.880543,,,,,,Horn-5-30,19
114,psk,,20,840.0,5165,p0w3rt03h3p80pl3,78:8A:20:14:3F:AA,wpa2,LCWNetCerroCircle,ap-ptmp-airmax-ac,False,True,wireless,CerroCircle,8.6.2,2e073d92-1050-48da-bb6d-c11dae0a7a6c,172.16.8.55/24,78:8a:20:14:3f:aa,RP-5AC-Gen2,CerroCircle,XC,XC,,60a5e3cf-d355-451f-885f-b4de087fff90,CerroCircle,868d6b29-26db-433f-9894-06f2b80eb011,,active,site,airMax,2022-08-05T23:42:07.347Z,10.0,1967.0,,35.477783,-105.887255,,,,,,AM-5AC21-60,21
115,psk,,20,840.0,5320,p0w3rt03h3p80pl3,F0:9F:C2:88:0F:5E,wpa2,LCWNetSanMarcos5,ap-ptmp-airmax-ac,False,True,wireless,SanMarcos5,8.6.2,bce5a55c-b6e9-4788-b832-5b6a707e6272,172.16.16.50/24,f0:9f:c2:88:0f:5e,IS-5AC,SanMarcos5,WA,WA,,60dcb6d5-aea0-4e5c-b9dc-08bc7e9d4a2d,SanMarcos,4521ece7-ebb9-44f1-85d3-7bd1d2a1fd3a,,active,site,airMax,2022-08-05T23:42:07.347Z,7.0,1848.0,,35.461842,-106.070363,,,,,,Horn,14
116,psk,,20,840.0,5530,p0w3rt03h3p80pl3,B4:FB:E4:BE:3B:4F,wpa2,LCWNetLamy5,ap-ptmp-airmax-mixed,False,True,wireless,Lamy5,8.7.1,d3f60cd4-d106-4baa-960e-cecfdbc089da,172.16.8.52/24,b4:fb:e4:be:3b:4f,RP-5AC-Gen2,Lamy5,XC,XC,,868d6b29-26db-433f-9894-06f2b80eb011,LamyOverlook,00e72a96-9bcd-402b-9301-0ad7e43d3fd3,,active,site,airMax,2022-08-05T23:42:07.347Z,5.0,2071.0,,35.488475,-105.894787,,,,,,AM-5G20-90,20
117,psk,,30,840.0,5265,0000:0000:0000:0000,FC:EC:DA:77:B8:FD,wpa2,LCWNetLamyOvl,,,True,wireless,LamyOverlook,2.0.6-beta.3,2a240a17-224e-490e-a2a2-af7b7e8fba63,172.16.8.8/24,fc:ec:da:77:b8:fd,LTU-Rocket,LamyOverlook,aflturocket,lturocket,,868d6b29-26db-433f-9894-06f2b80eb011,LamyOverlook,00e72a96-9bcd-402b-9301-0ad7e43d3fd3,,active,site,airFiber,2022-08-05T23:42:07.347Z,5.0,2071.0,,35.488523,-105.894684,,,,2.0,ap-ptmp,problem,0
118,psk,,20,840.0,5175,p0w3rt03h3p80pl3,24:5A:4C:06:2F:F2,wpa2,LCWNetMadrid5,ap-ptmp-airmax-mixed,False,True,wireless,Madrid5,8.7.4,f8d00f9a-3027-49c3-869b-00b80db70732,172.16.18.56/24,24:5a:4c:06:2f:f2,RP-5AC-Gen2,Madrid5,XC,XC,,aeb3e8f7-6225-44e5-8679-f2c13deaa300,Madrid,7ad4ab31-d8aa-4cde-a279-b0db05003e3c,,active,site,airMax,2022-08-05T23:42:07.347Z,10.0,,,35.399583,-106.159335,,,,,,AMO-5G10,10
119,psk,,20,840.0,5760,p0w3rt03h3p80pl3,18:E8:29:1F:AD:E0,wpa2,LCWNetSanCristo5,,,True,wireless,SanCristobol5,2.0.7,1190df3f-ded1-4569-b911-32516be4d2d9,172.16.8.51/24,18:e8:29:1f:ad:e0,LTU-Rocket,SanCristobol5,aflturocket,lturocket,,b97b0ba8-cac2-41a2-8650-e8f0f35137ed,SanCristobolRanch,868d6b29-26db-433f-9894-06f2b80eb011,,active,site,airFiber,2022-08-05T23:42:07.347Z,3.0,,,35.38097,-105.86668,,,,2.0,ap-ptmp,problem,0
120,psk,,20,840.0,5610,p0w3rt03h3p80pl3,F0:9F:C2:8A:C0:52,wpa2,LCWNetDonJose5Southwest,ap-ptmp-airmax-ac,False,True,wireless,DonJose5Southwest,8.6.2,eb374cb6-8c71-45f4-97d6-2e70156f9308,172.16.18.53/24,f0:9f:c2:8a:c0:52,RP-5AC-Gen2,DonJose5Southwest,XC,XC,,c785321a-4126-480f-be1d-c2263e412691,DonJoseSouthwest,4521ece7-ebb9-44f1-85d3-7bd1d2a1fd3a,,active,site,airMax,2022-08-05T23:42:07.347Z,9.0,1861.0,,35.450251,-106.060846,,,,,,AM-5AC21-60,21
121,,,2160,840.0,68040,p0w3rt03h3p80pl3,,wpa2,LCWNetNCGRAltaVista,,,True,wireless,NCGRAltaVistaAF60LR,2.6.0,6e72718c-5230-4f8e-b23e-dcc993bb251d,172.16.110.6/24,74:ac:b9:fe:a0:91,AF60-LR,NCGRAltaVistaAF60LR,GP,GP,,f46a177f-9c23-41d7-9dd3-ba3f14791d3b,NCGR Roof,454760b4-c990-4b07-b5b7-3e45ac0cfd88,,active,site,airFiber,2022-08-05T23:42:07.347Z,2113.0,2094.0,,35.636687,-105.958893,,,,,ap-ptp,problem,0
122,psk,,20,840.0,5570,p0w3rt03h3p80pl3,F0:9F:C2:EC:47:DE,wpa2,LCWNetNCGR5,ap-ptmp-airmax-mixed,False,True,wireless,NCGR5,8.7.4,7f58f46e-b7c6-4936-9d48-9a8c1a2e28a6,172.16.22.30/24,f0:9f:c2:ec:47:de,PS-5AC,NCGR5,XC,XC,,f46a177f-9c23-41d7-9dd3-ba3f14791d3b,NCGR Roof,454760b4-c990-4b07-b5b7-3e45ac0cfd88,,active,site,airMax,2022-08-05T23:42:07.348Z,10.0,2094.0,,35.636575,-105.958923,,,,,,Horn-5-30,19
123,psk,,10,840.0,5535,p0w3rt03h3p80pl3,44:D9:E7:78:97:EA,wpa2,LCWNetDancingHorse,ap-ptp,False,True,wireless,DancingHorseAP,8.6.2,5d8b1144-47c3-4c5e-ab6e-9d36b745d5a2,172.16.16.68/24,44:d9:e7:78:97:ea,PBE-5AC-300,DancingHorseAP,WA,WA,,a7675e97-5dde-4d84-94bd-801af46765dd,DancingHorse,7396d7b8-63cf-488a-bfd2-c6eb07c024c2,,active,site,airMax,2022-08-05T23:42:07.348Z,5.0,1957.0,,35.36928,-106.21512,,,,,,300,22
125,psk,,20,840.0,5610,p0w3rt03h3p80pl3,78:8A:20:1C:4F:19,wpa2,LCWNetLimeKiln5,ap-ptmp-airmax-ac,False,True,wireless,LimeKiln5,8.6.2,d8752b33-feb3-4ed8-89ec-472c49c36941,172.16.8.53/24,78:8a:20:1c:4f:19,RP-5AC-Gen2,LimeKiln5,XC,XC,,cbc03e39-8ed0-458b-9913-4c5a9cb47af1,LimeKiln,868d6b29-26db-433f-9894-06f2b80eb011,,active,site,airMax,2022-08-05T23:42:07.348Z,7.0,1990.0,,35.480773,-105.888598,,,,,,AM-5G17-90,17
126,psk,,20,840.0,5710,p0w3rt03h3p80pl3,78:8A:20:14:60:1D,wpa2,LCWNetHappyTrailsHigh5,ap-ptmp-airmax-ac,False,True,wireless,HappyTrailsHigh5,8.6.2,1a67c05c-e715-4154-a90c-5aa683c07e63,172.16.10.79/24,78:8a:20:14:60:1d,RP-5AC-Gen2,HappyTrailsHigh5,XC,XC,,ce74abec-222c-47cf-b5e5-ce3e69933408,HappyTrails,00e72a96-9bcd-402b-9301-0ad7e43d3fd3,,active,site,airMax,2022-08-05T23:42:07.348Z,7.0,2386.0,,35.62583,-105.8978,,,,,,AM-M-V5G-Ti,17
127,psk,,20,840.0,5625,p0w3rt03h3p80pl3,78:8A:20:EC:8C:6D,wpa2,LCWNetHappyTrails5,ap-ptmp-airmax-ac,False,True,wireless,HappyTrails5,8.6.2,542b2283-f71c-4791-b8f2-0ecf6dac2e6b,172.16.10.78/24,78:8a:20:ec:8c:6d,RP-5AC-Gen2,HappyTrails5,XC,XC,,ce74abec-222c-47cf-b5e5-ce3e69933408,HappyTrails,00e72a96-9bcd-402b-9301-0ad7e43d3fd3,,active,site,airMax,2022-08-05T23:42:07.348Z,7.0,2386.0,,35.626007,-105.897923,,,,,,AM-V5G-Ti,21
128,psk,,20,840.0,5745,p0w3rt03h3p80pl3,78:8A:20:14:3E:D3,wpa2,LCWNetRbE5NW,ap-ptmp-airmax-ac,False,True,wireless,RainbowsEnd5Northwest,8.6.2,3b0a1702-465e-48fa-92a8-f0c8fd4f25e3,172.16.16.56/24,78:8a:20:14:3e:d3,RP-5AC-Gen2,RainbowsEnd5Northwest,XC,XC,,ea5ee0e5-ec6f-4997-9b3b-13ae0f3b2566,RainbowsEnd,e21c1eed-5c31-4bfc-91b3-e404f73da250,,active,site,airMax,2022-08-05T23:42:07.348Z,2.0,1765.0,,35.421382,-106.071182,,,,,,AM-5G19-120,19
129,psk,,20,840.0,5165,p0w3rt03h3p80pl3,74:AC:B9:72:3C:AB,wpa2,LCWNetRbEURbE,ap-ptp,False,True,wireless,RainbowsEndUpperRainbowsEnd,8.7.1,e7a9caa1-7ab2-4466-9108-915fdcfea11f,172.16.16.23/24,74:ac:b9:72:3c:ab,LBE-5AC-Gen2,RainbowsEndUpperRainbowsEnd,WA,WA,,ea5ee0e5-ec6f-4997-9b3b-13ae0f3b2566,RainbowsEnd,e21c1eed-5c31-4bfc-91b3-e404f73da250,,active,site,airMax,2022-08-05T23:42:07.348Z,2.0,1765.0,,35.42113,-106.070961,,,,,,23,23
130,psk,,20,840.0,5635,p0w3rt03h3p80pl3,80:2A:A8:A4:28:79,wpa2,LCWNetRbE5SE,ap-ptmp-airmax-ac,False,True,wireless,RainbowsEnd5Southeast,8.6.2,4690cf2f-c87c-4eba-9763-0348508377de,172.16.16.59/24,80:2a:a8:a4:28:79,R5AC-PRISM,RainbowsEnd5Southeast,XC,XC,,ea5ee0e5-ec6f-4997-9b3b-13ae0f3b2566,RainbowsEnd,e21c1eed-5c31-4bfc-91b3-e404f73da250,,active,site,airMax,2022-08-05T23:42:07.348Z,2.0,1765.0,,35.42113,-106.070961,,,,,,AM-5G19-120,19
131,psk,,2160,840.0,64800,p0w3rt03h3p80pl3,74:83:C2:EE:96:8C,wpa2,LCWNetRanchoAlegre60,ap-ptp,False,True,wireless,RanchoAlegre60,0.9.0-rc.4.cs,2683f4cf-f96c-46c2-bb80-6f00f6130a8f,172.16.16.81/24,74:83:c2:ee:96:8c,GBE,RanchoAlegre60,GBE,GBE,,f899f814-b71c-449b-bb02-e8e6c48cc3e5,RanchoAlegre,4521ece7-ebb9-44f1-85d3-7bd1d2a1fd3a,,active,site,airMax,2022-08-05T23:42:07.348Z,6.0,,,35.47113,-106.10075,,,,,,GBE60-G2,40
